,r1,d1,r2,d2,correct,TS_rank1,TS_rank2,L1_TStrue,L2_TStrue,L1_TSfalse,L2_TSfalse,L1_MARwCF,L2_MARwCF
1,1,1,1,1,1,1,1,0.079573851,0.092276188,0.079573851,0.092276188,0.074466432,0.100363302
2,1,1,1,1,1,1,1,0.133005317,0.124752307,0.133005317,0.124752307,0.10625295,0.117300984
3,1,1,1,1,1,1,1,0.136895257,0.196756533,0.136895257,0.196756533,0.132348339,0.163288779
4,1,1,1,1,1,1,1,0.135471012,0.223759263,0.135471012,0.223759263,0.138317267,0.170660797
5,1,1,1,1,1,1,1,0.147194575,0.143055956,0.147194575,0.143055956,0.105784079,0.107995582
6,1,1,1,1,1,1,1,0.131223394,0.096052994,0.131223394,0.096052994,0.112574108,0.095887255
7,1,1,1,1,1,1,1,0.115384694,0.141473945,0.115384694,0.141473945,0.123011931,0.119649329
8,7,7,6,6,0,1,1,0.227453014,0.236056424,0.227453014,0.236056424,2.59009789,2.423500077
9,1,1,1,1,1,1,1,0.120992859,0.122481515,0.120992859,0.122481515,0.110336587,0.122157548
10,1,1,1,1,1,1,1,0.105080291,0.11914812,0.105080291,0.11914812,0.098739708,0.106785843
11,1,1,1,1,1,1,1,0.206863411,0.2214491,0.206863411,0.2214491,1.328912982,1.037327459
12,1,1,1,1,1,1,1,0.14615577,0.208742025,0.14615577,0.208742025,0.10611795,0.155667015
13,1,1,1,1,1,1,1,0.107072965,0.161822446,0.107072965,0.161822446,0.097094422,0.133434413
14,1,1,1,1,1,1,1,0.114666765,0.126000425,0.114666765,0.126000425,0.112047597,0.102397107
15,1,1,1,1,1,1,1,0.176268342,0.12013844,0.176268342,0.12013844,0.152972733,0.109116317
16,6,6,1,1,0,1,1,0.191365774,0.137525519,0.191365774,0.137525519,2.467841588,1.409653023
17,1,0,1,0,0,1,1,0.032508854,0.022544017,0.032508854,0.022544017,NA,NA
18,1,1,1,1,1,1,1,0.147183449,0.127979705,0.147183449,0.127979705,0.145177255,0.145618226
19,1,1,1,1,1,1,1,0.210876233,0.151164876,0.210876233,0.151164876,0.169959656,0.155205028
20,1,1,1,1,1,1,1,0.137537747,0.102815169,0.137537747,0.102815169,0.123022532,0.062021227
21,1,1,1,1,1,1,1,0.114573094,0.147382879,0.114573094,0.147382879,0.097454306,0.127733998
22,2,2,6,6,0,1,1,0.165296448,0.257431907,0.165296448,0.257431907,1.720325824,2.501537764
23,1,1,1,1,1,1,1,0.068186288,0.083525018,0.068186288,0.083525018,0.049041458,0.073352176
24,1,1,1,1,1,1,1,0.117976958,0.133397146,0.117976958,0.133397146,0.092518899,0.119635384
25,1,1,1,1,1,1,1,0.136193643,0.123245944,0.136193643,0.123245944,0.094865924,0.118361498
26,1,1,1,1,1,1,1,0.216077239,0.162334078,0.216077239,0.162334078,0.156689707,0.128401989
27,1,1,1,1,1,1,1,0.153100584,0.183082994,0.153100584,0.183082994,0.691710918,0.559936018
28,1,1,1,1,1,1,1,0.227784267,0.21575438,0.227784267,0.21575438,1.414129123,1.082530733
29,1,1,1,1,1,1,1,0.163035854,0.115105081,0.163035854,0.115105081,0.134771953,0.110073894
30,1,1,1,1,1,1,1,0.149541732,0.162124715,0.149541732,0.162124715,0.125257308,0.114904784
31,1,1,1,1,1,1,1,0.088403825,0.122395941,0.088403825,0.122395941,0.079007263,0.101909263
32,1,0,1,0,0,1,1,0.02608596,0.060973947,0.02608596,0.060973947,NA,NA
33,1,1,1,1,1,1,1,0.142857848,0.120734563,0.142857848,0.120734563,0.121776033,0.096517331
34,1,1,1,1,1,1,1,0.177978274,0.117610104,0.177978274,0.117610104,0.129091044,0.109163518
35,5,5,5,5,0,1,1,0.120028204,0.147580616,0.120028204,0.147580616,2.409838757,2.419579564
36,3,3,1,1,0,1,1,0.179782891,0.19808561,0.179782891,0.19808561,1.958190221,1.414162431
37,1,1,1,1,1,1,1,0.121154728,0.147920347,0.121154728,0.147920347,0.116129137,0.113076488
38,1,1,1,1,1,1,1,0.12148573,0.135233966,0.12148573,0.135233966,0.107389655,0.124975775
39,1,1,7,7,0,1,1,0.228434346,0.213574857,0.228434346,0.213574857,0.358677623,2.464991365
40,1,1,1,1,1,1,1,0.171254494,0.153577529,0.171254494,0.153577529,0.15722202,0.14574359
41,1,1,1,1,1,1,1,0.143111801,0.12921818,0.143111801,0.12921818,0.107991493,0.111590144
42,1,1,1,1,1,1,1,0.111907658,0.113982275,0.111907658,0.113982275,0.108154675,0.108463992
43,1,1,1,1,1,1,1,0.12017058,0.197260878,0.12017058,0.197260878,0.1102029,0.160543871
44,1,1,1,1,1,1,1,0.052559621,0.030705962,0.052559621,0.030705962,0.051672233,0.030285868
45,1,1,1,1,1,1,1,0.122896716,0.105830541,0.122896716,0.105830541,0.112392606,0.116193456
46,1,1,1,1,1,1,1,0.089128001,0.105086696,0.089128001,0.105086696,0.073683169,0.096774809
47,1,1,1,1,1,1,1,0.264282066,0.244585327,0.264282066,0.244585327,0.309364436,0.370192532
48,1,1,1,1,1,1,1,0.154809798,0.135677492,0.154809798,0.135677492,0.141893905,0.112629128
49,1,1,1,1,1,1,1,0.15202814,0.182985903,0.15202814,0.182985903,0.139185411,0.135501595
50,1,1,1,1,1,1,1,0.128211252,0.191359096,0.128211252,0.191359096,0.985213203,1.282806649
51,1,1,1,1,1,1,1,0.136186828,0.165001527,0.136186828,0.165001527,0.12419653,0.171869077
52,1,1,2,2,0,1,1,0.220045538,0.236251979,0.220045538,0.236251979,0.861025907,1.174605445
53,1,1,1,1,1,1,1,0.144555367,0.146910891,0.144555367,0.146910891,0.144909114,0.115400421
54,7,7,1,1,0,1,1,0.172701163,0.188651045,0.172701163,0.188651045,2.648548886,1.408572276
55,1,1,1,1,1,1,1,0.17989231,0.209491084,0.17989231,0.209491084,0.165255415,0.1755508
56,1,1,1,1,1,1,1,0.184840438,0.169281989,0.184840438,0.169281989,0.103825271,0.126441149
57,1,1,4,4,0,1,1,0.165715288,0.209958956,0.165715288,0.209958956,1.299836524,2.114752239
58,6,6,3,3,0,1,1,0.194163997,0.255788729,0.194163997,0.255788729,2.41113268,1.716378658
59,1,1,1,1,1,1,1,0.095981256,0.083742587,0.095981256,0.083742587,0.098153449,0.095884256
60,1,1,1,1,1,1,1,0.179401307,0.162426434,0.179401307,0.162426434,0.16850246,0.160038474
61,1,1,1,1,1,1,1,0.132540468,0.123599203,0.132540468,0.123599203,0.114004935,0.119318549
62,1,1,1,1,1,1,1,0.151510666,0.155363156,0.151510666,0.155363156,0.134280111,0.130773114
63,1,1,1,1,1,1,1,0.122792476,0.094656646,0.122792476,0.094656646,0.095004637,0.086201954
64,1,1,1,1,1,1,1,0.096418233,0.056904934,0.096418233,0.056904934,0.082975345,0.048541021
65,1,1,1,1,1,1,1,0.054574024,0.0734118,0.054574024,0.0734118,0.053065622,0.070203618
66,1,1,1,1,1,1,1,0.14523067,0.140732111,0.14523067,0.140732111,0.158116716,0.121497222
67,1,1,1,1,1,1,1,0.142458506,0.137482748,0.142458506,0.137482748,0.13450403,0.125380342
68,1,1,1,1,1,1,1,0.13273611,0.14744182,0.13273611,0.14744182,0.118438171,0.136796672
69,1,1,1,1,1,1,1,0.143379731,0.076974081,0.143379731,0.076974081,0.14737199,0.079864367
70,1,1,1,1,1,1,1,0.139961045,0.165071359,0.139961045,0.165071359,0.141528288,0.152639247
71,1,1,1,1,1,1,1,0.130841397,0.129784823,0.130841397,0.129784823,0.115776765,0.10261935
72,1,1,1,1,1,1,1,0.121764683,0.103097497,0.121764683,0.103097497,0.111887829,0.101279354
73,1,1,1,1,1,1,1,0.169452661,0.085823673,0.169452661,0.085823673,0.140680679,0.096274675
74,1,1,1,1,1,1,1,0.119103871,0.093262843,0.119103871,0.093262843,0.112396009,0.096810639
75,3,3,1,1,0,1,1,0.216171754,0.143388208,0.216171754,0.143388208,1.933691777,1.393692563
76,1,1,1,1,1,1,1,0.139122524,0.084690224,0.139122524,0.084690224,0.120089447,0.081878314
77,1,1,1,1,1,1,1,0.115466152,0.110192197,0.115466152,0.110192197,0.094365314,0.086301007
78,1,1,1,1,1,1,1,0.105187425,0.147069437,0.105187425,0.147069437,1.386250955,1.372509249
79,1,1,1,1,1,1,1,0.196344535,0.180191844,0.196344535,0.180191844,0.145948381,0.122053212
80,1,1,1,0,0,1,1,0.039863251,0.042197168,0.039863251,0.042197168,0.042565548,NA
81,2,2,3,3,0,1,1,0.101473995,0.182673699,0.101473995,0.182673699,1.607521601,1.978397639
82,1,1,1,1,1,1,1,0.14001126,0.14684306,0.14001126,0.14684306,0.382271743,0.465372146
83,1,1,1,1,1,1,1,0.139202242,0.194462116,0.139202242,0.194462116,0.125052608,0.166076503
84,1,1,1,1,1,1,1,0.09037252,0.120665002,0.09037252,0.120665002,0.097432457,0.12147726
85,1,1,1,1,1,1,1,0.111316384,0.099471344,0.111316384,0.099471344,0.098634358,0.099281304
86,1,1,1,1,1,1,1,0.174269126,0.102527119,0.174269126,0.102527119,0.140494406,0.083113429
87,1,1,1,1,1,1,1,0.087716688,0.116692724,0.087716688,0.116692724,0.09838202,0.088644107
88,1,1,1,1,1,1,1,0.23228891,0.16893529,0.23228891,0.16893529,0.318881079,0.194500055
89,1,1,1,1,1,1,1,0.112479761,0.167808016,0.112479761,0.167808016,0.113702402,0.15888635
90,1,1,1,1,1,1,1,0.101906491,0.106437795,0.101906491,0.106437795,0.084676047,0.125505292
91,3,3,1,1,0,1,1,0.199100994,0.127348896,0.199100994,0.127348896,1.827030217,1.413328431
92,1,1,1,1,1,1,1,0.147900786,0.211459087,0.147900786,0.211459087,0.493368642,0.330935029
93,1,1,1,1,1,1,1,0.126701379,0.097156437,0.126701379,0.097156437,0.123658765,0.096370297
94,1,1,1,1,1,1,1,0.211071275,0.13016543,0.211071275,0.13016543,0.153760925,0.093654612
95,1,1,1,1,1,1,1,0.16067906,0.205627026,0.16067906,0.205627026,0.146846011,0.164312613
96,1,1,1,1,1,1,1,0.166910626,0.130982697,0.166910626,0.130982697,0.13794733,0.111373263
97,1,1,1,1,1,1,1,0.05251998,0.060762164,0.05251998,0.060762164,0.058597911,0.055104499
98,1,1,1,1,1,1,1,0.13381874,0.168557832,0.13381874,0.168557832,0.113254672,0.131512492
99,7,7,6,6,0,1,1,0.146359129,0.165269155,0.146359129,0.165269155,2.724021614,2.481753117
100,1,1,1,1,1,1,1,0.180858728,0.168390517,0.180858728,0.168390517,0.151560446,0.108152917
101,1,1,1,1,1,1,1,0.156659921,0.096306932,0.156659921,0.096306932,0.137090042,0.073823913
102,1,1,1,1,1,1,1,0.173779755,0.192498525,0.173779755,0.192498525,0.871411302,1.384372954
103,1,1,1,1,1,1,1,0.13055347,0.07455131,0.13055347,0.07455131,0.142245544,0.070812147
104,1,1,1,1,1,1,1,0.143139123,0.162169248,0.143139123,0.162169248,0.132110058,0.151008638
105,1,1,1,1,1,1,1,0.132944325,0.18146088,0.132944325,0.18146088,0.14744708,0.100687563
106,1,1,1,1,1,1,1,0.167106597,0.152886674,0.167106597,0.152886674,0.17588226,0.149172194
107,1,1,1,1,1,1,1,0.099237431,0.170375349,0.099237431,0.170375349,0.106866761,0.144130258
108,1,1,1,1,1,1,1,0.135049126,0.24468696,0.135049126,0.24468696,0.853594306,1.413907483
109,7,7,1,1,0,1,1,0.151503343,0.216346881,0.151503343,0.216346881,2.566959817,1.259493081
110,1,1,1,1,1,1,1,0.160192126,0.157076505,0.160192126,0.157076505,0.170968531,0.130831545
111,1,1,1,1,1,1,1,0.093895681,0.089561211,0.093895681,0.089561211,0.091000675,0.081311988
112,1,1,1,1,1,1,1,0.138174766,0.202030013,0.138174766,0.202030013,1.268029393,0.916013617
113,1,1,1,1,1,1,1,0.110379597,0.099629095,0.110379597,0.099629095,0.111141122,0.080455119
114,1,1,1,1,1,1,1,0.160016402,0.12694715,0.160016402,0.12694715,0.120952415,0.123674095
115,1,1,1,1,1,1,1,0.079436085,0.058372175,0.079436085,0.058372175,0.069007478,0.051602344
116,1,1,1,1,1,1,1,0.185770242,0.126606846,0.185770242,0.126606846,0.209831546,0.117151809
117,1,1,1,1,1,1,1,0.095664186,0.119909252,0.095664186,0.119909252,0.086657365,0.124133883
118,1,1,1,1,1,1,1,0.116286209,0.095205851,0.116286209,0.095205851,0.101084195,0.088778712
119,1,1,1,1,1,1,1,0.082727984,0.082036027,0.082727984,0.082036027,0.073498942,0.073633233
120,2,2,5,5,0,1,1,0.136869089,0.172692022,0.136869089,0.172692022,1.529134567,2.375540443
121,1,1,1,1,1,1,1,0.180091819,0.233084235,0.180091819,0.233084235,0.122698645,0.174537388
122,1,1,1,1,1,1,1,0.159825715,0.137744702,0.159825715,0.137744702,0.176795539,0.130608982
123,1,1,1,1,1,1,1,0.163865734,0.122123569,0.163865734,0.122123569,0.134502351,0.114757368
124,1,1,1,1,1,1,1,0.173001066,0.150454201,0.173001066,0.150454201,0.126336961,0.153260771
125,3,3,6,6,0,1,1,0.195953424,0.121511132,0.195953424,0.121511132,1.906456455,2.43873698
126,1,1,1,1,1,1,1,0.151301483,0.181950202,0.151301483,0.181950202,0.166776626,0.14095842
127,1,1,1,1,1,1,1,0.125473305,0.176382547,0.125473305,0.176382547,0.106768272,0.107707086
128,1,1,1,1,1,1,1,0.117194045,0.16281308,0.117194045,0.16281308,0.10248593,0.154405381
129,1,1,1,1,1,1,1,0.084032734,0.087905221,0.084032734,0.087905221,0.075653879,0.081835997
130,1,1,1,1,1,1,1,0.068183449,0.061849924,0.068183449,0.061849924,0.060025461,0.05929803
131,1,1,1,1,1,1,1,0.119189017,0.121079772,0.119189017,0.121079772,0.099723991,0.097459844
132,1,1,1,1,1,1,1,0.072972256,0.061193367,0.072972256,0.061193367,0.068651996,0.049422019
133,1,1,1,1,1,1,1,0.149955344,0.129939981,0.149955344,0.129939981,0.134423021,0.124786899
134,1,1,1,1,1,1,1,0.100454229,0.121801641,0.100454229,0.121801641,0.084806298,0.112454156
135,1,1,1,1,1,1,1,0.143852198,0.158165015,0.143852198,0.158165015,0.149117878,0.148411141
136,1,1,1,1,1,1,1,0.063034743,0.038598903,0.063034743,0.038598903,0.057733435,0.048478754
137,1,1,1,1,1,1,1,0.196426934,0.224011438,0.196426934,0.224011438,0.428599638,0.491076071
138,1,1,1,1,1,1,1,0.141272589,0.177701646,0.141272589,0.177701646,0.239377068,0.261883547
139,1,1,1,1,1,1,1,0.181347411,0.152562185,0.181347411,0.152562185,0.151522865,0.085669918
140,1,1,1,1,1,1,1,0.140070326,0.163598567,0.140070326,0.163598567,0.113322015,0.151747694
141,2,2,1,1,0,1,1,0.171792446,0.183439519,0.171792446,0.183439519,1.512001536,1.407825318
142,1,1,1,1,1,1,1,0.136735014,0.126244218,0.136735014,0.126244218,0.101355203,0.128679175
143,1,1,1,1,1,1,1,0.23021535,0.215469791,0.23021535,0.215469791,0.161360094,0.167086644
144,7,7,4,4,0,1,1,0.213020592,0.208648695,0.213020592,0.208648695,2.581675942,1.82920666
145,2,2,7,7,0,1,1,0.185026096,0.262968698,0.185026096,0.262968698,1.287482568,2.523122086
146,1,1,1,1,1,1,1,0.160726609,0.213356437,0.160726609,0.213356437,1.401780991,1.395464965
147,1,1,1,1,1,1,1,0.136803441,0.095403674,0.136803441,0.095403674,0.113707048,0.092239488
148,1,1,1,1,1,1,1,0.177413031,0.141857451,0.177413031,0.141857451,0.147991596,0.15685215
149,1,1,1,1,1,1,1,0.118443143,0.110163103,0.118443143,0.110163103,0.107106911,0.106715774
150,1,1,1,1,1,1,1,0.115673109,0.161195613,0.115673109,0.161195613,0.123955288,0.158864432
151,1,1,1,1,1,1,1,0.073226777,0.096752622,0.073226777,0.096752622,0.073370993,0.079087254
152,1,1,1,1,1,1,1,0.067280925,0.071268107,0.067280925,0.071268107,0.066133759,0.070345402
153,1,1,1,1,1,1,1,0.101514777,0.148136753,0.101514777,0.148136753,0.091302141,0.141064042
154,1,1,1,1,1,1,1,0.138750684,0.17360712,0.138750684,0.17360712,0.122229895,0.136517328
155,1,1,1,1,1,1,1,0.199844656,0.170689942,0.199844656,0.170689942,0.194477103,0.180252377
156,1,1,1,1,1,1,1,0.122888565,0.13003866,0.122888565,0.13003866,0.077915801,0.111079889
157,1,1,1,1,1,1,1,0.22659079,0.23149159,0.22659079,0.23149159,0.156336654,0.154969841
158,1,1,1,1,1,1,1,0.123330083,0.140339131,0.123330083,0.140339131,0.112173185,0.125108191
159,1,1,1,1,1,1,1,0.123721786,0.101603188,0.123721786,0.101603188,0.115027199,0.096856333
160,5,5,1,1,0,1,1,0.245529047,0.317990583,0.245529047,0.317990583,2.37800183,1.329259305
161,1,1,1,1,1,1,1,0.088714045,0.096234686,0.088714045,0.096234686,0.096304571,0.079155654
162,1,1,1,1,1,1,1,0.062470474,0.06861275,0.062470474,0.06861275,0.062419227,0.064745662
163,4,4,2,2,0,1,1,0.19887125,0.254348382,0.19887125,0.254348382,1.882036947,1.235461798
164,1,1,1,1,1,1,1,0.033185318,0.070351342,0.033185318,0.070351342,0.033283793,0.056337015
165,1,1,1,1,1,1,1,0.138828165,0.186443436,0.138828165,0.186443436,0.116600302,0.153955468
166,1,1,3,3,0,1,1,0.144569493,0.15725602,0.144569493,0.15725602,1.394908987,1.870253274
167,1,1,1,1,1,1,1,0.063191563,0.0853115,0.063191563,0.0853115,0.063940286,0.079847644
168,1,1,1,1,1,1,1,0.169836465,0.182288034,0.169836465,0.182288034,0.182629018,0.249851635
169,1,1,1,1,1,1,1,0.135978268,0.109743776,0.135978268,0.109743776,0.09735981,0.082297294
170,1,1,1,1,1,1,1,0.084423217,0.066119743,0.084423217,0.066119743,0.079540591,0.074903171
171,1,1,1,1,1,1,1,0.144008092,0.153463953,0.144008092,0.153463953,0.105054354,0.151175363
172,1,1,1,1,1,1,1,0.085753751,0.111664783,0.085753751,0.111664783,0.090961651,0.111828421
173,1,1,1,1,1,1,1,0.07399482,0.049694993,0.07399482,0.049694993,0.070153985,0.056494611
174,1,1,1,1,1,1,1,0.088346043,0.121168185,0.088346043,0.121168185,0.091781752,0.106828185
175,1,1,1,1,1,1,1,0.077558455,0.070744759,0.077558455,0.070744759,0.081545585,0.066170703
176,1,1,1,1,1,1,1,0.202298721,0.199818648,0.202298721,0.199818648,0.17855694,0.167873304
177,1,1,1,1,1,1,1,0.176638962,0.173721991,0.176638962,0.173721991,0.158190378,0.151362435
178,1,1,1,1,1,1,1,0.176396326,0.137170439,0.176396326,0.137170439,0.161150804,0.127653046
179,1,1,1,1,1,1,1,0.053073303,0.042335821,0.053073303,0.042335821,0.049552366,0.039279729
180,2,2,1,1,0,1,1,0.171771492,0.17827053,0.171771492,0.17827053,1.697404627,1.376022124
181,1,1,1,1,1,1,1,0.113439373,0.145632522,0.113439373,0.145632522,0.090962949,0.138153949
182,1,1,1,1,1,1,1,0.169981227,0.174766632,0.169981227,0.174766632,0.147958918,0.134060316
183,4,4,7,7,0,1,1,0.13225568,0.111724849,0.13225568,0.111724849,2.163180767,2.739606575
184,3,3,4,4,0,1,1,0.202730577,0.151058895,0.202730577,0.151058895,1.822449672,2.15202651
185,7,7,4,4,0,1,1,0.155229244,0.177367752,0.155229244,0.177367752,2.57426293,1.980082566
186,1,1,1,1,1,1,1,0.100892612,0.095099496,0.100892612,0.095099496,0.105315897,0.073488111
187,1,1,1,1,1,1,1,0.165012639,0.189428459,0.165012639,0.189428459,0.139796309,0.147776031
188,1,1,1,1,1,1,1,0.093914596,0.165041823,0.093914596,0.165041823,0.121999468,0.176864055
189,1,1,1,1,1,1,1,0.130130674,0.211772045,0.130130674,0.211772045,0.104529881,0.190958483
190,1,1,1,1,1,1,1,0.122779926,0.178231628,0.122779926,0.178231628,0.109212714,0.165968108
191,1,1,6,6,0,1,1,0.231972985,0.182404551,0.231972985,0.182404551,1.389709643,2.572049762
192,1,1,1,1,1,1,1,0.11549517,0.106929687,0.11549517,0.106929687,0.103715491,0.108407778
193,1,1,1,1,1,1,1,0.069863884,0.05090186,0.069863884,0.05090186,0.068452327,0.048853887
194,1,1,1,1,1,1,1,0.161869893,0.235578201,0.161869893,0.235578201,0.127644191,0.164990042
195,1,1,1,1,1,1,1,0.133793527,0.147075743,0.133793527,0.147075743,0.148220066,0.137086166
196,1,1,1,1,1,1,1,0.107902953,0.059026226,0.107902953,0.059026226,0.101736027,0.071430369
197,1,1,1,1,1,1,1,0.039994975,0.052455216,0.039994975,0.052455216,0.038025039,0.052211497
198,1,1,1,1,1,1,1,0.148217016,0.099926727,0.148217016,0.099926727,0.114442339,0.090126918
199,1,1,1,1,1,1,1,0.097956833,0.087184285,0.097956833,0.087184285,0.097209632,0.06624456
200,1,1,1,1,1,1,1,0.049103919,0.068122273,0.049103919,0.068122273,0.048562686,0.06325256
201,6,6,2,2,0,1,1,0.157124914,0.204530907,0.157124914,0.204530907,2.437772121,1.718547449
202,2,2,7,7,0,1,1,0.23044115,0.208039045,0.23044115,0.208039045,1.0423486,2.458121003
203,1,1,1,1,1,1,1,0.095332829,0.091465069,0.095332829,0.091465069,0.086801824,0.079565527
204,1,1,1,1,1,1,1,0.165791169,0.185181545,0.165791169,0.185181545,0.12667308,0.18920349
205,1,1,1,1,1,1,1,0.122505149,0.161693383,0.122505149,0.161693383,0.143797478,0.145660314
206,3,3,5,5,0,1,1,0.220158354,0.219968949,0.220158354,0.219968949,1.484093393,2.067986183
207,1,1,1,1,1,1,1,0.155888671,0.174284392,0.155888671,0.174284392,0.127148566,0.149691621
208,1,1,1,1,1,1,1,0.199467707,0.211968932,0.199467707,0.211968932,0.15926435,0.177196102
209,5,5,2,2,0,1,1,0.173987946,0.20033211,0.173987946,0.20033211,2.065067596,1.120425468
210,1,1,1,1,1,1,1,0.148863196,0.170129627,0.148863196,0.170129627,0.152463639,0.155288299
211,5,5,1,1,0,1,1,0.236939122,0.201298832,0.236939122,0.201298832,2.111746832,1.243455871
212,1,1,1,1,1,1,1,0.05938984,0.062453317,0.05938984,0.062453317,0.055499797,0.055752477
213,1,1,1,1,1,1,1,0.156594112,0.143301717,0.156594112,0.143301717,0.129824657,0.127612367
214,1,1,1,1,1,1,1,0.132880686,0.142504521,0.132880686,0.142504521,0.098965615,0.138476475
215,1,1,1,1,1,1,1,0.170955979,0.119753178,0.170955979,0.119753178,0.125311767,0.114580232
216,1,1,1,1,1,1,1,0.071364891,0.122450967,0.071364891,0.122450967,0.095090114,0.119306932
217,1,1,1,1,1,1,1,0.158328982,0.157937837,0.158328982,0.157937837,0.126887171,0.101311506
218,1,1,1,1,1,1,1,0.184864208,0.16259267,0.184864208,0.16259267,0.170436618,0.160573938
219,1,1,1,1,1,1,1,0.133223818,0.16801945,0.133223818,0.16801945,0.125061652,0.127955898
220,1,1,1,1,1,1,1,0.158671795,0.200991381,0.158671795,0.200991381,0.147703156,0.145963833
221,3,3,5,5,0,1,1,0.249262319,0.232306689,0.249262319,0.232306689,1.80510712,2.133817774
222,1,1,1,1,1,1,1,0.09612398,0.078427761,0.09612398,0.078427761,0.069594032,0.073422411
223,1,1,1,1,1,1,1,0.080639388,0.05056235,0.080639388,0.05056235,0.082638274,0.052319798
224,1,1,1,1,1,1,1,0.179920828,0.124787552,0.179920828,0.124787552,0.166672238,0.168649653
225,1,1,1,1,1,1,1,0.134780773,0.122392786,0.134780773,0.122392786,0.144175908,0.132483189
226,1,1,1,1,1,1,1,0.111682913,0.165172592,0.111682913,0.165172592,0.184649801,0.19775899
227,7,6,6,5,0,1,1,0.143534634,0.112262554,0.143534634,0.112262554,2.354183556,2.253704567
228,6,6,3,3,0,1,1,0.16732812,0.237434913,0.16732812,0.237434913,2.425540742,1.970527149
229,1,1,1,1,1,1,1,0.266375137,0.120675374,0.266375137,0.120675374,0.196730668,0.095264338
230,1,1,1,1,1,1,1,0.076341111,0.102945538,0.076341111,0.102945538,0.062078658,0.111126364
231,1,1,1,1,1,1,1,0.126011238,0.161182942,0.126011238,0.161182942,0.099469113,0.144936905
232,1,0,1,0,0,1,1,0.035255473,0.028676464,0.035255473,0.028676464,NA,NA
233,1,1,1,1,1,1,1,0.135036085,0.109225688,0.135036085,0.109225688,0.106168372,0.088800526
234,1,1,1,1,1,1,1,0.169666282,0.11715392,0.169666282,0.11715392,0.131003864,0.11533856
235,1,1,1,1,1,1,1,0.087502492,0.125463981,0.087502492,0.125463981,0.089319966,0.114166224
236,1,1,1,1,1,1,1,0.116375125,0.081742368,0.116375125,0.081742368,0.090564795,0.063511305
237,7,7,2,2,0,1,1,0.125385657,0.150455706,0.125385657,0.150455706,2.504834049,1.34821442
238,1,1,1,1,1,1,1,0.108655263,0.099653775,0.108655263,0.099653775,0.073686034,0.10197471
239,1,1,1,1,1,1,1,0.11719863,0.129641368,0.11719863,0.129641368,0.098109924,0.101097579
240,1,1,1,1,1,1,1,0.083855111,0.073231662,0.083855111,0.073231662,0.071186223,0.074577237
241,1,1,1,1,1,1,1,0.136597649,0.164209191,0.136597649,0.164209191,0.157719443,0.13271155
242,1,1,1,1,1,1,1,0.097934588,0.071779042,0.097934588,0.071779042,0.099348039,0.066475476
243,1,1,1,1,1,1,1,0.187415814,0.163676272,0.187415814,0.163676272,0.173618816,0.166327495
244,1,1,1,1,1,1,1,0.136294378,0.124145934,0.136294378,0.124145934,0.130429734,0.102668297
245,1,1,1,1,1,1,1,0.09083605,0.111469291,0.09083605,0.111469291,0.072472706,0.108630075
246,1,1,1,1,1,1,1,0.191565019,0.183571501,0.191565019,0.183571501,0.165103951,0.143728632
247,1,1,1,1,1,1,1,0.100728035,0.088925365,0.100728035,0.088925365,0.084764618,0.102967023
248,1,1,1,1,1,1,1,0.173098779,0.162131826,0.173098779,0.162131826,0.148275531,0.161697518
249,1,1,1,1,1,1,1,0.132900274,0.16227531,0.132900274,0.16227531,0.120855561,0.134013906
250,1,1,1,1,1,1,1,0.179349746,0.215272013,0.179349746,0.215272013,1.404454677,1.370088176
251,1,0,1,1,0,1,1,0.062117051,0.045054632,0.062117051,0.045054632,NA,0.045495734
252,1,1,1,1,1,1,1,0.096230597,0.09366943,0.096230597,0.09366943,0.094048252,0.091281903
253,1,1,1,1,1,1,1,0.138498047,0.155773622,0.138498047,0.155773622,0.123969575,0.15146191
254,1,1,1,1,1,1,1,0.171661607,0.12357079,0.171661607,0.12357079,0.144067352,0.168648719
255,1,1,1,1,1,1,1,0.112007084,0.086614124,0.112007084,0.086614124,0.106389611,0.087953083
256,1,1,1,1,1,1,1,0.178140286,0.19677362,0.178140286,0.19677362,0.146055279,0.199414382
257,6,6,7,7,0,1,1,0.21504686,0.181722057,0.21504686,0.181722057,2.403114286,2.720104216
258,1,1,1,1,1,1,1,0.189912426,0.216304544,0.189912426,0.216304544,0.201620131,0.199755938
259,1,1,1,1,1,1,1,0.201591883,0.125366408,0.201591883,0.125366408,0.205150736,0.113798226
260,3,3,1,1,0,1,1,0.181640339,0.212578761,0.181640339,0.212578761,1.929182031,1.412592968
261,1,1,1,1,1,1,1,0.078349846,0.106849107,0.078349846,0.106849107,0.07252944,0.094623115
262,1,1,1,1,1,1,1,0.086958226,0.090473399,0.086958226,0.090473399,0.081977669,0.078723019
263,1,1,1,1,1,1,1,0.167214824,0.133823505,0.167214824,0.133823505,0.144703048,0.157726286
264,6,6,1,1,0,1,1,0.294772716,0.205308161,0.294772716,0.205308161,2.551459866,1.211419636
265,1,1,1,1,1,1,1,0.127539923,0.097821446,0.127539923,0.097821446,0.100856356,0.087241439
266,1,1,1,1,1,1,1,0.29010008,0.250976049,0.29010008,0.250976049,0.235277773,0.203068627
267,1,1,1,1,1,1,1,0.106969397,0.09587476,0.106969397,0.09587476,0.091894395,0.090788529
268,1,1,1,1,1,1,1,0.12704416,0.1067901,0.12704416,0.1067901,0.120071832,0.106255743
269,1,1,1,1,1,1,1,0.20636014,0.231158058,0.20636014,0.231158058,0.207570203,0.179023527
270,1,1,1,1,1,1,1,0.056852399,0.083604496,0.056852399,0.083604496,0.054131941,0.071481743
271,1,1,1,1,1,1,1,0.077269373,0.092459622,0.077269373,0.092459622,0.077539638,0.076443298
272,1,1,1,1,1,1,1,0.068281744,0.067289042,0.068281744,0.067289042,0.063985513,0.061482631
273,1,1,1,1,1,1,1,0.16518766,0.17073431,0.16518766,0.17073431,0.138956518,0.134387637
274,7,7,7,7,0,1,1,0.178792179,0.167209462,0.178792179,0.167209462,2.483759379,2.479168393
275,1,1,3,3,0,1,1,0.152691757,0.151427751,0.152691757,0.151427751,1.414171671,1.962057058
276,1,1,1,1,1,1,1,0.083927891,0.101068725,0.083927891,0.101068725,0.073512776,0.091217643
277,1,1,1,1,1,1,1,0.125334233,0.075615721,0.125334233,0.075615721,0.109142262,0.061372913
278,1,1,1,1,1,1,1,0.069581008,0.097334323,0.069581008,0.097334323,0.066878372,0.09099536
279,1,1,1,1,1,1,1,0.082373554,0.091605265,0.082373554,0.091605265,0.078029603,0.082181966
280,1,1,1,1,1,1,1,0.212993183,0.12548364,0.212993183,0.12548364,0.172877534,0.129214944
281,1,1,1,1,1,1,1,0.181199377,0.165861261,0.181199377,0.165861261,0.226513598,0.225348477
282,1,1,1,1,1,1,1,0.185550335,0.133709076,0.185550335,0.133709076,0.168798947,0.099057355
283,1,1,1,1,1,1,1,0.072968205,0.095403325,0.072968205,0.095403325,0.063947716,0.078204476
284,1,1,7,7,0,1,1,0.218386354,0.252073285,0.218386354,0.252073285,1.409829801,2.697085822
285,1,1,1,1,1,1,1,0.227907545,0.204401811,0.227907545,0.204401811,0.226954971,0.220303723
286,1,1,1,1,1,1,1,0.125164535,0.136228133,0.125164535,0.136228133,0.119015578,0.117852109
287,1,1,1,1,1,1,1,0.096505495,0.137126462,0.096505495,0.137126462,0.132845843,0.131142675
288,1,1,1,1,1,1,1,0.24275412,0.292044774,0.24275412,0.292044774,0.189920763,0.256109728
289,1,1,1,1,1,1,1,0.177559241,0.24151303,0.177559241,0.24151303,0.142151429,0.198120672
290,1,1,1,1,1,1,1,0.081120904,0.082177723,0.081120904,0.082177723,0.081784662,0.069941984
291,1,1,1,1,1,1,1,0.156015771,0.185427276,0.156015771,0.185427276,0.140188405,0.168134989
292,1,1,1,1,1,1,1,0.142374203,0.124118283,0.142374203,0.124118283,0.099588934,0.10248794
293,1,1,1,1,1,1,1,0.109658457,0.105353127,0.109658457,0.105353127,0.109818786,0.085521031
294,1,1,1,1,1,1,1,0.068549964,0.090797297,0.068549964,0.090797297,0.064898442,0.068023687
295,1,1,1,1,1,1,1,0.044164413,0.044513243,0.044164413,0.044513243,0.034994872,0.042859349
296,1,1,1,1,1,1,1,0.152954989,0.147466687,0.152954989,0.147466687,0.119316075,0.144105188
297,1,1,1,1,1,1,1,0.154033882,0.129219393,0.154033882,0.129219393,0.09971913,0.092528507
298,2,2,1,1,0,1,1,0.150626087,0.150063357,0.150626087,0.150063357,1.43867308,1.180139428
299,1,1,1,1,1,1,1,0.113689321,0.112192637,0.113689321,0.112192637,0.104109731,0.09273317
300,1,1,1,1,1,1,1,0.162566686,0.092348443,0.162566686,0.092348443,0.141866275,0.06183025
301,1,1,1,1,1,1,1,0.120883889,0.078748963,0.120883889,0.078748963,0.106749668,0.086592912
302,1,1,1,1,1,1,1,0.184201589,0.183737945,0.184201589,0.183737945,0.133524931,0.116666426
303,1,1,1,1,1,1,1,0.07298057,0.076997516,0.07298057,0.076997516,0.078319615,0.075921659
304,1,1,1,1,1,1,1,0.182989511,0.129840901,0.182989511,0.129840901,0.152277942,0.119606334
305,1,1,1,1,1,1,1,0.119210793,0.136800013,0.119210793,0.136800013,0.10858004,0.128453189
306,1,1,1,1,1,1,1,0.195809611,0.152274989,0.195809611,0.152274989,0.479396922,0.437137243
307,1,1,1,1,1,1,1,0.114645108,0.124728511,0.114645108,0.124728511,0.105679366,0.113645671
308,1,1,1,1,1,1,1,0.153797351,0.148764077,0.153797351,0.148764077,0.119605717,0.141602315
309,1,1,1,1,1,1,1,0.097202163,0.118067691,0.097202163,0.118067691,0.072289785,0.116843173
310,1,1,1,1,1,1,1,0.060291874,0.107396733,0.060291874,0.107396733,0.039519683,0.098656503
311,1,1,1,1,1,1,1,0.100321254,0.109981836,0.100321254,0.109981836,0.099537003,0.110271365
312,1,1,1,1,1,1,1,0.15793729,0.131705446,0.15793729,0.131705446,0.137778491,0.119710561
313,1,1,1,1,1,1,1,0.121389642,0.121161432,0.121389642,0.121161432,0.120136161,0.097634733
314,2,2,7,7,0,1,1,0.33102253,0.261298266,0.33102253,0.261298266,1.531836463,2.618120326
315,1,1,1,1,1,1,1,0.109742834,0.120148662,0.109742834,0.120148662,0.080017172,0.105603102
316,1,1,1,1,1,1,1,0.144342814,0.139663775,0.144342814,0.139663775,0.125772384,0.113079494
317,1,1,1,1,1,1,1,0.181688804,0.189769506,0.181688804,0.189769506,0.168498932,0.164439132
318,1,1,1,1,1,1,1,0.140451084,0.155208481,0.140451084,0.155208481,0.116139282,0.14803116
319,1,1,1,1,1,1,1,0.178347013,0.105128649,0.178347013,0.105128649,0.152112902,0.106921747
320,1,1,1,1,1,1,1,0.086001684,0.071214983,0.086001684,0.071214983,0.076645645,0.070079497
321,1,1,1,1,1,1,1,0.082117536,0.107539146,0.082117536,0.107539146,0.074084506,0.095949795
322,1,1,1,1,1,1,1,0.065341991,0.094733443,0.065341991,0.094733443,0.081242286,0.087732843
323,1,1,1,1,1,1,1,0.12815849,0.109795744,0.12815849,0.109795744,0.109809833,0.116908463
324,1,1,1,1,1,1,1,0.153072501,0.134920702,0.153072501,0.134920702,0.118974031,0.136903656
325,1,1,1,1,1,1,1,0.099668769,0.119657852,0.099668769,0.119657852,0.085199773,0.116547042
326,1,1,1,1,1,1,1,0.115770125,0.092232676,0.115770125,0.092232676,0.114196978,0.08350697
327,2,2,2,2,0,1,1,0.160967137,0.211351832,0.160967137,0.211351832,1.603924702,1.660874391
328,1,1,1,1,1,1,1,0.155649991,0.211299715,0.155649991,0.211299715,0.149117893,0.18736412
329,1,1,1,1,1,1,1,0.118865021,0.112799438,0.118865021,0.112799438,0.076040288,0.099517713
330,1,1,1,1,1,1,1,0.110198738,0.105927946,0.110198738,0.105927946,0.122011583,0.11834129
331,1,1,1,1,1,1,1,0.135941596,0.116529243,0.135941596,0.116529243,0.102419622,0.12050872
332,1,1,1,1,1,1,1,0.173637634,0.118948037,0.173637634,0.118948037,0.116583904,0.095222418
333,7,7,1,1,0,1,1,0.211176122,0.199083916,0.211176122,0.199083916,2.458112886,0.223656609
334,1,1,1,1,1,1,1,0.082321633,0.079179842,0.082321633,0.079179842,0.071234836,0.079321543
335,1,1,1,1,1,1,1,0.155455242,0.206475638,0.155455242,0.206475638,0.21884772,0.248642342
336,1,1,1,1,1,1,1,0.113090978,0.132299146,0.113090978,0.132299146,0.095411767,0.11527506
337,1,1,1,1,1,1,1,0.125933656,0.118541385,0.125933656,0.118541385,0.109901911,0.117245964
338,1,1,1,1,1,1,1,0.154964486,0.133886797,0.154964486,0.133886797,0.133032469,0.113364163
339,1,1,1,1,1,1,1,0.15344631,0.169072911,0.15344631,0.169072911,0.10450134,0.137261645
340,1,1,1,1,1,1,1,0.148813943,0.123289507,0.148813943,0.123289507,0.140616192,0.09558749
341,1,1,1,1,1,1,1,0.148946568,0.126393755,0.148946568,0.126393755,0.142684695,0.133551192
342,1,1,1,1,1,1,1,0.112113825,0.120265762,0.112113825,0.120265762,0.10306728,0.115715945
343,1,1,1,1,1,1,1,0.146343517,0.169808427,0.146343517,0.169808427,0.129801723,0.120165519
344,1,1,1,1,1,1,1,0.054698815,0.069666281,0.054698815,0.069666281,0.044715187,0.058103316
345,1,1,1,1,1,1,1,0.147443877,0.106612213,0.147443877,0.106612213,0.118819469,0.095163514
346,1,1,1,1,1,1,1,0.10819417,0.130948857,0.10819417,0.130948857,0.091139097,0.100897289
347,1,1,1,1,1,1,1,0.131400531,0.071663969,0.131400531,0.071663969,0.125519767,0.063398416
348,1,1,1,1,1,1,1,0.093482235,0.121599173,0.093482235,0.121599173,0.062038167,0.103121443
349,1,1,1,1,1,1,1,0.041066654,0.03521136,0.041066654,0.03521136,0.039992003,0.035031569
350,1,1,1,1,1,1,1,0.154686705,0.15941408,0.154686705,0.15941408,0.133825603,0.12000296
351,1,1,1,1,1,1,1,0.188686966,0.170700073,0.188686966,0.170700073,0.120085841,0.11360383
352,1,1,7,7,0,1,1,0.160545321,0.125296322,0.160545321,0.125296322,1.096911976,2.524023639
353,1,1,1,1,1,1,1,0.116157835,0.122213689,0.116157835,0.122213689,0.113402147,0.114018311
354,1,1,1,1,1,1,1,0.140545005,0.131010928,0.140545005,0.131010928,0.122698058,0.127372493
355,1,1,1,1,1,1,1,0.147245211,0.147687242,0.147245211,0.147687242,0.123390924,0.122943159
356,5,5,1,1,0,1,1,0.226850083,0.211705646,0.226850083,0.211705646,2.030830176,0.402711678
357,1,1,1,1,1,1,1,0.201458088,0.165799148,0.201458088,0.165799148,0.162353618,0.141589053
358,1,1,1,1,1,1,1,0.106559249,0.06753695,0.106559249,0.06753695,0.112945388,0.066918935
359,3,3,4,4,0,1,1,0.150995831,0.15765701,0.150995831,0.15765701,1.994718488,2.206588849
360,1,1,1,1,1,1,1,0.084254289,0.067600654,0.084254289,0.067600654,0.079927819,0.067351908
361,1,1,1,1,1,1,1,0.07360756,0.091495455,0.07360756,0.091495455,0.056543477,0.091233531
362,1,1,1,1,1,1,1,0.082737746,0.101627831,0.082737746,0.101627831,0.080904245,0.09962211
363,1,1,1,1,1,1,1,0.091244869,0.086328929,0.091244869,0.086328929,0.051742915,0.08176764
364,1,1,1,1,1,1,1,0.171187547,0.144549795,0.171187547,0.144549795,0.144759197,0.12495681
365,1,1,1,1,1,1,1,0.109657756,0.142261027,0.109657756,0.142261027,0.095233217,0.102657941
366,1,1,1,1,1,1,1,0.13441006,0.106047633,0.13441006,0.106047633,0.129056722,0.094760224
367,1,1,1,1,1,1,1,0.142711223,0.105529777,0.142711223,0.105529777,0.247486071,0.183276179
368,1,1,1,1,1,1,1,0.079583783,0.110853502,0.079583783,0.110853502,0.081314578,0.110525931
369,1,1,6,6,0,1,1,0.14826307,0.152756138,0.14826307,0.152756138,1.414196724,2.517369022
370,1,1,1,1,1,1,1,0.096558566,0.1892614,0.096558566,0.1892614,0.097944086,0.164006189
371,1,1,1,1,1,1,1,0.095178466,0.108942057,0.095178466,0.108942057,0.085264493,0.094582117
372,1,1,1,1,1,1,1,0.135321391,0.119421451,0.135321391,0.119421451,0.136122329,0.101765703
373,1,1,1,1,1,1,1,0.156735285,0.188064904,0.156735285,0.188064904,0.141911608,0.172975244
374,1,1,1,1,1,1,1,0.132341122,0.124378228,0.132341122,0.124378228,0.107973485,0.12651164
375,1,1,1,1,1,1,1,0.182917289,0.128590572,0.182917289,0.128590572,0.117847253,0.178560506
376,1,1,1,1,1,1,1,0.105472505,0.138507633,0.105472505,0.138507633,0.09253067,0.114835864
377,1,1,1,1,1,1,1,0.095376079,0.135582431,0.095376079,0.135582431,0.08452282,0.113832139
378,1,1,1,1,1,1,1,0.10255509,0.088106446,0.10255509,0.088106446,0.091729867,0.076577254
379,1,1,1,1,1,1,1,0.212131594,0.168346375,0.212131594,0.168346375,0.154990146,0.145288886
380,1,1,1,1,1,1,1,0.146708931,0.108191259,0.146708931,0.108191259,0.128032587,0.107533106
381,1,1,1,1,1,1,1,0.149272019,0.124920912,0.149272019,0.124920912,0.151005581,0.127664272
382,1,1,1,1,1,1,1,0.133004665,0.142067167,0.133004665,0.142067167,1.412290302,0.830981865
383,1,1,1,1,1,1,1,0.106561384,0.098366578,0.106561384,0.098366578,0.108237978,0.10084049
384,7,7,5,5,0,1,1,0.194093099,0.136300924,0.194093099,0.136300924,2.487589715,2.039197355
385,1,1,1,1,1,1,1,0.20556822,0.181692908,0.20556822,0.181692908,0.171246466,0.164016711
386,1,0,1,1,0,1,1,0.053762366,0.035866912,0.053762366,0.035866912,NA,0.037040037
387,1,1,1,1,1,1,1,0.211198099,0.141989857,0.211198099,0.141989857,0.221858988,0.261606996
388,3,3,7,7,0,1,1,0.16857334,0.125187376,0.16857334,0.125187376,1.987911812,2.691732766
389,1,1,1,1,1,1,1,0.089402524,0.105118156,0.089402524,0.105118156,0.105469687,0.07667558
390,1,1,1,1,1,1,1,0.085829224,0.10297673,0.085829224,0.10297673,0.073217715,0.093033497
391,1,1,1,1,1,1,1,0.235615172,0.185814647,0.235615172,0.185814647,1.399255436,1.210315112
392,1,0,1,1,0,1,1,0.071581958,0.048660155,0.071581958,0.048660155,NA,0.051222692
393,1,1,1,1,1,1,1,0.118606754,0.13432165,0.118606754,0.13432165,0.097002475,0.096978412
394,1,1,1,1,1,1,1,0.196429421,0.155734256,0.196429421,0.155734256,0.142523662,0.165827443
395,1,1,1,1,1,1,1,0.123439319,0.090114112,0.123439319,0.090114112,0.123016435,0.074074833
396,1,1,1,1,1,1,1,0.176355188,0.163099692,0.176355188,0.163099692,0.247382487,0.242725874
397,1,1,1,1,1,1,1,0.191580362,0.186123792,0.191580362,0.186123792,0.166796619,0.180350812
398,1,1,1,1,1,1,1,0.272660212,0.281577309,0.272660212,0.281577309,0.559681116,0.540808863
399,1,1,1,1,1,1,1,0.151813101,0.094035467,0.151813101,0.094035467,0.148818055,0.076381092
400,1,1,1,1,1,1,1,0.152483915,0.131558167,0.152483915,0.131558167,0.162014381,0.096952295
401,1,1,1,1,1,1,1,0.042946379,0.060880028,0.042946379,0.060880028,0.043472732,0.063427981
402,1,1,1,1,1,1,1,0.195841733,0.1915668,0.195841733,0.1915668,0.261794524,0.256584648
403,1,1,1,1,1,1,1,0.156322645,0.108109575,0.156322645,0.108109575,0.128428272,0.098943346
404,1,1,1,1,1,1,1,0.088042148,0.095588511,0.088042148,0.095588511,0.07203274,0.083733476
405,1,1,1,1,1,1,1,0.091405664,0.09849338,0.091405664,0.09849338,0.091248517,0.079231724
406,1,1,1,1,1,1,1,0.202689764,0.307271681,0.202689764,0.307271681,0.192309795,0.23198431
407,1,1,5,5,0,1,1,0.151896396,0.155243236,0.151896396,0.155243236,0.929509972,2.241004038
408,1,1,1,1,1,1,1,0.099923347,0.10112699,0.099923347,0.10112699,0.109852275,0.10484105
409,7,7,2,2,0,1,1,0.198489616,0.270809068,0.198489616,0.270809068,2.764267324,1.676903897
410,1,0,1,1,0,1,1,0.037147521,0.047903385,0.037147521,0.047903385,NA,0.048297742
411,1,1,1,1,1,1,1,0.073125373,0.150484987,0.073125373,0.150484987,0.084471138,0.112300535
412,1,1,1,1,1,1,1,0.145765718,0.133508035,0.145765718,0.133508035,0.117213099,0.129835196
413,1,1,1,1,1,1,1,0.134254254,0.160281351,0.134254254,0.160281351,0.132661248,0.165718309
414,1,1,1,1,1,1,1,0.120505014,0.11300869,0.120505014,0.11300869,0.104242644,0.077821849
415,1,1,1,1,1,1,1,0.136200621,0.1824144,0.136200621,0.1824144,0.161814921,0.201581571
416,1,1,1,1,1,1,1,0.161799155,0.167427474,0.161799155,0.167427474,0.160318006,0.13167013
417,1,1,1,1,1,1,1,0.225236229,0.135087007,0.225236229,0.135087007,0.186981305,0.11052901
418,1,1,1,1,1,1,1,0.131435492,0.164213401,0.131435492,0.164213401,0.0747675,0.165317953
419,1,1,1,1,1,1,1,0.138734808,0.196046534,0.138734808,0.196046534,0.141461751,0.178214295
420,1,1,1,1,1,1,1,0.143030819,0.133265988,0.143030819,0.133265988,0.259646113,0.433008739
421,1,1,1,1,1,1,1,0.148267438,0.139515865,0.148267438,0.139515865,0.11075511,0.121652444
422,1,1,1,1,1,1,1,0.112534712,0.150487474,0.112534712,0.150487474,0.080833449,0.1358571
423,2,2,7,7,0,1,1,0.216909375,0.233099103,0.216909375,0.233099103,1.413565325,2.610779306
424,1,1,1,1,1,1,1,0.247538485,0.302931327,0.247538485,0.302931327,0.188681372,0.277559568
425,1,1,1,1,1,1,1,0.117656736,0.116218935,0.117656736,0.116218935,0.106601837,0.114714974
426,6,6,2,2,0,1,1,0.18198385,0.188542558,0.18198385,0.188542558,2.348444455,1.500405193
427,1,1,1,1,1,1,1,0.165757094,0.123669444,0.165757094,0.123669444,0.148625043,0.136730848
428,5,5,2,2,0,1,1,0.157658142,0.157195186,0.157658142,0.157195186,2.40419425,1.720564432
429,1,1,1,1,1,1,1,0.088556417,0.06720172,0.088556417,0.06720172,0.097527275,0.05373302
430,1,1,1,1,1,1,1,0.163139259,0.272429099,0.163139259,0.272429099,0.307901051,0.358613379
431,1,1,1,1,1,1,1,0.194324399,0.173957876,0.194324399,0.173957876,0.157218346,0.129372388
432,1,1,1,1,1,1,1,0.140067804,0.126716767,0.140067804,0.126716767,0.117083158,0.102813257
433,1,1,1,1,1,1,1,0.152547349,0.112784889,0.152547349,0.112784889,0.119253727,0.072893289
434,1,1,1,1,1,1,1,0.206513171,0.174912982,0.206513171,0.174912982,0.392637755,0.34500584
435,1,1,1,1,1,1,1,0.074595105,0.070712681,0.074595105,0.070712681,0.096867876,0.078922042
436,1,1,1,1,1,1,1,0.153306845,0.176954081,0.153306845,0.176954081,0.303547733,0.40930609
437,1,1,1,1,1,1,1,0.074809575,0.075872982,0.074809575,0.075872982,0.066969759,0.059667178
438,1,1,1,1,1,1,1,0.138509156,0.15657063,0.138509156,0.15657063,0.10543473,0.148539577
439,1,1,1,1,1,1,1,0.064480063,0.088523405,0.064480063,0.088523405,0.074019444,0.085748986
440,7,7,1,1,0,1,1,0.156967912,0.185454014,0.156967912,0.185454014,2.56151349,1.078779452
441,1,1,1,1,1,1,1,0.112998897,0.123340766,0.112998897,0.123340766,0.102703407,0.100098466
442,1,1,1,1,1,1,1,0.084735679,0.07330257,0.084735679,0.07330257,0.076101665,0.072438737
443,1,1,1,1,1,1,1,0.139845055,0.156167676,0.139845055,0.156167676,1.414197804,1.413748064
444,1,1,1,1,1,1,1,0.16942975,0.15428926,0.16942975,0.15428926,0.154426737,0.13949202
445,1,0,1,1,0,1,1,0.057698715,0.051547054,0.057698715,0.051547054,NA,0.050276621
446,1,1,1,1,1,1,1,0.109699052,0.078010766,0.109699052,0.078010766,0.09862886,0.072559304
447,1,1,1,1,1,1,1,0.060464569,0.063044834,0.060464569,0.063044834,0.049422742,0.062500595
448,1,1,1,1,1,1,1,0.049919095,0.068090586,0.049919095,0.068090586,0.050977683,0.062825095
449,1,1,1,1,1,1,1,0.12044768,0.119384481,0.12044768,0.119384481,0.116713001,0.107018701
450,1,1,1,1,1,1,1,0.116062517,0.091316834,0.116062517,0.091316834,0.121454684,0.130914249
451,1,1,1,1,1,1,1,0.085562785,0.079226089,0.085562785,0.079226089,0.084340145,0.076830202
452,1,1,1,1,1,1,1,0.123622158,0.120048283,0.123622158,0.120048283,0.120047914,0.107852891
453,1,1,1,1,1,1,1,0.097805673,0.098604036,0.097805673,0.098604036,0.078954294,0.107565861
454,1,1,1,1,1,1,1,0.080369468,0.079631865,0.080369468,0.079631865,0.076846784,0.072464519
455,1,1,1,1,1,1,1,0.094310034,0.166466512,0.094310034,0.166466512,0.091310303,0.135125688
456,1,1,1,1,1,1,1,0.082070634,0.083050422,0.082070634,0.083050422,0.082837131,0.075660255
457,1,1,1,1,1,1,1,0.067952773,0.06913266,0.067952773,0.06913266,0.069460467,0.065370504
458,1,1,1,1,1,1,1,0.136702743,0.128365561,0.136702743,0.128365561,0.13460978,0.100493686
459,1,1,6,6,0,1,1,0.164930045,0.160702698,0.164930045,0.160702698,1.412663596,2.504302979
460,1,1,1,1,1,1,1,0.091383205,0.08887711,0.091383205,0.08887711,0.07634042,0.085918599
461,1,1,1,1,1,1,1,0.085871164,0.171052882,0.085871164,0.171052882,0.072982366,0.151960166
462,5,5,4,4,0,1,1,0.198933815,0.22516745,0.198933815,0.22516745,2.353673004,1.969949187
463,1,1,1,1,1,1,1,0.221115102,0.232840837,0.221115102,0.232840837,0.156495437,0.214977758
464,7,7,7,7,0,1,1,0.13990171,0.152135534,0.13990171,0.152135534,2.610165797,2.587588708
465,6,6,1,1,0,1,1,0.223860733,0.167638106,0.223860733,0.167638106,2.253169727,0.531088762
466,1,1,1,1,1,1,1,0.123694469,0.137630753,0.123694469,0.137630753,0.113393756,0.12259268
467,1,1,1,1,1,1,1,0.124471497,0.094278762,0.124471497,0.094278762,0.088233776,0.101665915
468,1,1,1,1,1,1,1,0.110770859,0.119535838,0.110770859,0.119535838,0.109129557,0.118473524
469,7,7,1,1,0,1,1,0.174450656,0.22552065,0.174450656,0.22552065,2.536182003,1.19002736
470,1,1,1,1,1,1,1,0.08896808,0.083151643,0.08896808,0.083151643,0.079888759,0.07288041
471,1,1,1,1,1,1,1,0.1009394,0.101738077,0.1009394,0.101738077,0.073723076,0.085821895
472,2,2,1,1,0,1,1,0.171245286,0.177378118,0.171245286,0.177378118,1.389653022,1.412322979
473,1,1,1,1,1,1,1,0.13819671,0.116297046,0.13819671,0.116297046,0.122545929,0.082968157
474,1,1,1,1,1,1,1,0.111300673,0.140093376,0.111300673,0.140093376,0.111990038,0.158778521
475,1,1,1,1,1,1,1,0.118578566,0.188599925,0.118578566,0.188599925,0.086145947,0.139139262
476,1,1,1,1,1,1,1,0.14953496,0.162797516,0.14953496,0.162797516,0.136074548,0.141482917
477,1,1,1,1,1,1,1,0.075648016,0.090805367,0.075648016,0.090805367,0.075706157,0.075104195
478,1,1,1,1,1,1,1,0.173293387,0.120529535,0.173293387,0.120529535,0.119846685,0.1345317
479,1,1,1,1,1,1,1,0.119250373,0.14526423,0.119250373,0.14526423,0.109283473,0.087362525
480,1,1,1,1,1,1,1,0.125656197,0.164407798,0.125656197,0.164407798,0.11916641,0.157937905
481,1,1,1,1,1,1,1,0.122218924,0.210932509,0.122218924,0.210932509,0.098747386,0.128501618
482,1,1,1,1,1,1,1,0.069647716,0.068872128,0.069647716,0.068872128,0.063472977,0.063280912
483,2,2,1,1,0,1,1,0.142805422,0.114134327,0.142805422,0.114134327,1.026821218,0.149557014
484,1,1,1,1,1,1,1,0.212402905,0.152356754,0.212402905,0.152356754,0.173624006,0.155788849
485,1,1,1,1,1,1,1,0.146312886,0.20043784,0.146312886,0.20043784,0.14663189,0.155240078
486,1,1,1,1,1,1,1,0.114827942,0.095232819,0.114827942,0.095232819,0.107474621,0.096117194
487,1,1,1,1,1,1,1,0.118368575,0.113530654,0.118368575,0.113530654,0.107457125,0.09370351
488,1,1,1,1,1,1,1,0.136315387,0.111981976,0.136315387,0.111981976,0.130383346,0.112292518
489,1,1,1,1,1,1,1,0.204449796,0.149349614,0.204449796,0.149349614,0.176833123,0.129271917
490,1,1,1,1,1,1,1,0.134333643,0.144801769,0.134333643,0.144801769,0.12619331,0.141612931
491,1,1,1,1,1,1,1,0.122600034,0.141504702,0.122600034,0.141504702,0.132756875,0.118769983
492,1,1,1,1,1,1,1,0.17982625,0.161486273,0.17982625,0.161486273,0.154514143,0.134305053
493,1,1,1,1,1,1,1,0.138071145,0.142248733,0.138071145,0.142248733,0.0924431,0.11134744
494,1,1,1,1,1,1,1,0.091153437,0.201473636,0.091153437,0.201473636,0.080375864,0.159621252
495,1,1,1,1,1,1,1,0.180147707,0.135394767,0.180147707,0.135394767,0.116251111,0.118277438
496,1,1,1,1,1,1,1,0.084006169,0.076582291,0.084006169,0.076582291,0.084386197,0.062959531
497,1,1,1,1,1,1,1,0.191028641,0.186802078,0.191028641,0.186802078,0.138829273,0.135986103
498,1,1,1,1,1,1,1,0.165118941,0.178990889,0.165118941,0.178990889,0.126093341,0.158711455
499,7,6,7,7,0,1,1,0.212840496,0.149099217,0.212840496,0.149099217,2.353038626,2.479062972
500,1,1,1,1,1,1,1,0.120012527,0.177577667,0.120012527,0.177577667,0.113378541,0.16433115
